{"cameraMode":{"drawMode":0,"name":"Shaded","section":"Shading Mode"},"sceneLighting":false,"audioPlay":false,"sceneViewState":{"m_AlwaysRefresh":false,"showFog":false,"showSkybox":false,"showFlares":false,"showImageEffects":false,"showParticleSystems":false,"showVisualEffectGraphs":true,"m_FxEnabled":true},"in2DMode":false,"pivot":{"x":0.261553555727005,"y":1.2401347160339356,"z":-0.95090252161026},"rotation":{"x":-0.0016925272066146136,"y":-0.9983024597167969,"z":0.04001333564519882,"w":-0.042217545211315158},"size":1.1665716171264649,"orthographic":false}