{"cameraMode":{"drawMode":0,"name":"Shaded","section":"Shading Mode"},"sceneLighting":true,"audioPlay":false,"sceneViewState":{"m_AlwaysRefresh":false,"showFog":true,"showSkybox":true,"showFlares":true,"showImageEffects":true,"showParticleSystems":true,"showVisualEffectGraphs":true,"m_FxEnabled":true},"in2DMode":false,"pivot":{"x":-1.691133737564087,"y":3.734023094177246,"z":-0.6579163074493408},"rotation":{"x":0.0026693118270486595,"y":0.12414517253637314,"z":0.0003304070560261607,"w":-0.992254376411438},"size":0.3536126911640167,"orthographic":false}